Name,Selling Price,Stock Quantity,Item Category Name
REDMI A4 5G 4/128 SPARKLE PURPLE,9999,0.0 PCS,MI DISTRIBUTOR
APPLE AIRPODS 4TH GEN,12900,1.0 PCS,APPLE DISTRIBUTOR
APPLE IPAD 11 INCH A16 WIFI 128 GB BLUE,34900,0.0 PCS,APPLE DISTRIBUTOR
APPLE IPHONE 13 BLUE 128 GB,46400,0.0 PCS,APPLE DISTRIBUTOR
APPLE IPHONE 13 GREEN 128 GB,49900,0.0 PCS,APPLE IPHONES
APPLE IPHONE 13 MIDINGHT 128 GB,46400,0.0 PCS,APPLE DISTRIBUTOR
APPLE IPHONE 13 MIDNIGHT 128GB,49900,0.0 PCS,APPLE IPHONES
APPLE IPHONE 13 STARLIGHT 128 GB,46400,0.0 PCS,APPLE DISTRIBUTOR
APPLE IPHONE 14 PLUS MIDNIGHT 128 GB,74900,0.0 PCS,APPLE IPHONES
APPLE IPHONE 14 PLUS STARLIGHT 128 GB,70999,0.0 PCS,APPLE IPHONES
APPLE IPHONE 14 PRO 128 GB GOLD,110000,0.0 PCS,APPLE IPHONES
APPLE IPHONE 14 PURPLE 128GB,64990,0.0 PCS,APPLE IPHONES
APPLE IPHONE 15 BLACK 128 GB,59900,3.0 PCS,APPLE DISTRIBUTOR
APPLE IPHONE 15 BLACK 128 GB,54999,0.0 PCS,APPLE IPHONES
APPLE IPHONE 15 BLUE 128GB,59900,4.0 PCS,APPLE DISTRIBUTOR
APPLE IPHONE 15 BLUE 256 GB,69900,1.0 PCS,APPLE DISTRIBUTOR
APPLE IPHONE 15 GREEN 128 GB,52999,0.0 PCS,APPLE IPHONES
APPLE IPHONE 15 PINK 128 GB,54999,0.0 PCS,APPLE IPHONES
APPLE IPHONE 16 PINK 128 GB,64999,0.0 PCS,APPLE IPHONES
APPLE IPHONE 16 PLUS WHTE 128GB,79900,0.0 PCS,APPLE DISTRIBUTOR
APPLE IPHONE 16 PRO MAX DESERT TITANIUM 256GB,129999,0.0 PCS,APPLE IPHONES
APPLE IPHONE 16 TEAL 128 GB,69900,0.0 PCS,APPLE DISTRIBUTOR
APPLE IPHONE 16 ULTRAMARINE 128 GB,64999,0.0 PCS,APPLE IPHONES
APPLE IPHONE 16 WHITE 128 GB,64999,0.0 PCS,APPLE IPHONES
APPLE IPHONE 16 WHITE 128GB,69900,0.0 PCS,APPLE DISTRIBUTOR
APPLE IPHONE 17 BLACK 256 GB,82900,1.0 PCS,APPLE DISTRIBUTOR
APPLE IPHONE 17 LAVENDER 256 GB,82900,0.0 PCS,APPLE DISTRIBUTOR
APPLE IPHONE 17 MIST BLUE 256 GB,82900,1.0 PCS,APPLE DISTRIBUTOR
APPLE IPHONE 17 PRO COSMIC ORANGE 256GB,123999,0.0 PCS,APPLE IPHONES
APPLE IPHONE 17 SAGE 256 GB,82900,0.0 PCS,APPLE DISTRIBUTOR
APPLE IPHONE 17 WHITE 256 GB,82900,0.0 PCS,APPLE DISTRIBUTOR
APPLE iPAD 9tH GEN WIFI 64GB SPACE GREY,32900,0.0 PCS,APPLE DISTRIBUTOR
BAJAJ PX97 TORQUE NEW 36L PERSONAL AIR COOLER,7299,0.0 PCS,AIRCOOLERS
BLUESTAR AURA DUO DA60PMC DESERT COOLER 60L,13299,0.0 PCS,AIRCOOLERS
"CELLECOR 43""P INCHES FULL HD FRAMELESS SMART TV",20999,1.0 PCS,SMART TVS
"CELLECOR LED S-43"" ULTRA HD 4K SMART TV",27999,1.0 PCS,SMART TVS
CMF PHONE 2 PRO 8/256 BLACK,20999,0.0 PCS,NOTHING PHONES
CROMPTON GALE DAC60 Cooler,10999,0.0 PCS,AIRCOOLERS
CROMPTON MARVEL NEO 40L AIR COOLER,7499,1.0 PCS,AIRCOOLERS
CROMPTON SUPREMUS 70L DESERT AIR COOLER,11999,3.0 PCS,AIRCOOLERS
CROMPTON ZELUS DAC43 Cooler,8499,1.0 PCS,AIRCOOLERS
Crompton Gale DAC 2024 Desert Air Cooler- 90L,12999,0.0 PCS,AIRCOOLERS
Crompton Ozone 55L DAC555 Desert Cooler,12499,0.0 PCS,AIRCOOLERS
Crompton Surebreeze 34L ACGC34 Tower Air Cooler,9499,0.0 PCS,AIRCOOLERS
FASTRACK REVOLT FS1 BT CALLING SMART WATCH,2999,4.0 PCS,SMART WATCHES
GOOGLE PIXEL 10A 8/256GB OBSIDIAN,52499,0.0 PCS,GOOGLE PIXEL
GOOGLE PIXEL 7A 8/128 CHARCOAL,35999,0.0 PCS,GOOGLE PIXEL
HP 15-FD0883TU C3 8/512 GB LAPTOP,47999,0.0 PCS,HP LAPTOPS
HP SMART TANK 585 MFP WIRELESS PRINTER,13999,0.0 PCS,HP PRINTERS
Hindware 85 L Desert Air Cooler,12000,0.0 PCS,AIRCOOLERS
INFINIX NOTE 50s 6/128 MARINE DRIFT,14999,0.0 PCS,INFINIX
INFINIX NOTE 50x 5G+ 8/128 ENCHANTED PURPLE,12999,0.0 PCS,INFINIX
IPAD (9th GENERATION) WIFI 64 GB SPACE GRAY,29900,1.0 PCS,APPLE IPHONES
IPHONE 13 STARLIGHT 128 GB,46400,0.0 PCS,APPLE IPHONES
IPHONE 14 BLUE 128 GB,64900,0.0 PCS,APPLE IPHONES
IPHONE 14 MIDNIGHT 128 GB,64990,0.0 PCS,APPLE IPHONES
IPHONE 14 PLUS BLUE 128 GB,70999,0.0 PCS,APPLE IPHONES
IPHONE 14 PLUS PURPLE 128 GB,74990,0.0 PCS,APPLE IPHONES
IPHONE 14 STARLIGHT 128 GB,64900,0.0 PCS,APPLE IPHONES
IPHONE 16 PRO DESERT TITANIUM 256 GB,123000,0.0 PCS,APPLE IPHONES
IQOO NEO 10 8/256 TITANIUM CHROME,35999,0.0 PCS,VIVO MOBILES
IQOO NEO 10R 8/256 MOONKNIGHT TITANIUM,26999,0.0 PCS,VIVO MOBILES
IQOO NEO 10R 8/256 RAGING BLUE,29499,0.0 PCS,VIVO MOBILES
IQOO NEO 7 5G 12/256 INTERSTELLAR BLACK,32999,0.0 PCS,VIVO MOBILES
IQOO NEO 7 PRO 5G 8/128 DARK STORM,34999,0.0 PCS,VIVO MOBILES
IQOO Z10 5G 8/128 GLACIER SILVER,22499,0.0 PCS,VIVO MOBILES
IQOO Z10 5G 8/128 STELLAR BLACK,22499,0.0 PCS,VIVO MOBILES
IQOO Z10 5G 8/256 BLACK,23500,0.0 PCS,VIVO MOBILES
IQOO Z10 5G 8/256 SILVER,24499,0.0 PCS,VIVO MOBILES
IQOO Z10X 5G 8/256GB ULTRAMINE,15999,0.0 PCS,VIVO MOBILES
IQOO Z10x 5G 6/128 ULTRAMARINE,16999,0.0 PCS,VIVO MOBILES
IQOO Z10x 8/128 ULTRAMARINE,16500,0.0 PCS,VIVO MOBILES
IQOO Z7 PRO 5G 8/256 BLUE LAGOON,24999,0.0 PCS,VIVO MOBILES
IQOO Z7 PRO 5G 8/256 GRAPHITE MATTE,24999,0.0 PCS,VIVO MOBILES
IQOO Z7 PRO 8/128 GRAPHITE MATTE,23999,0.0 PCS,VIVO MOBILES
IQOO Z9 LITE 5G 4/128 MOCHA BROWN,10999,0.0 PCS,VIVO MOBILES
IQOO Z9X 8/128 TORNADO GREEN,15499,0.0 PCS,VIVO MOBILES
IQOO Z9s 5G 8/256GB TITANIUM MATTE,21999,0.0 PCS,VIVO MOBILES
IQOO Z9s PRO 5G 8/128 FLAMBOYANT ORANGE,24999,0.0 PCS,VIVO MOBILES
IQOO Z9s PRO 5G 8/256 LUXE MARBLE,26999,0.0 PCS,VIVO MOBILES
IQOO Z9x 5G 6/128 TORNADO GREEN,13999,0.0 PCS,VIVO MOBILES
IQZ9X 6/128GB TOMADO GREEN,14000,0.0 PCS,
KENSTAR Doublecool DX WW 60L,8990,2.0 PCS,AIRCOOLERS
KENSTAR HERCULES 60 HC,12999,0.0 PCS,AIRCOOLERS
"Kenstar Desert Tall 105 L Air Cooler, DE HC105",14999,0.0 PCS,AIRCOOLERS
Kenstar TurboCool NEO WW 50L,11000,0.0 PCS,AIRCOOLERS
Livpure Livfree 65 Litres Desert Air Cooler,12999,0.0 PCS,AIRCOOLERS
MOTO EDGE 50 FUSION 8/128 FOREST BLUE,22499,0.0 PCS,MOTOROLA
MOTO EDGE 50 FUSION 8/128 FOREST GREEN,22499,0.0 PCS,MOTOROLA
MOTO EDGE 50 FUSION 8/128 MARSHMELLO BLUE,19499,0.0 PCS,MOTOROLA
MOTO EDGE 50 PRO 12/256 LUXE LAVENDER,30999,0.0 PCS,MOTOROLA
MOTO EDGE 60 FUSION 12/256 PANTONE MYKONOS BLUE,27999,0.0 PCS,MOTOROLA
MOTO EDGE 60 FUSION 8/256 PANTONE AMAZONITE,20999,0.0 PCS,MOTOROLA
MOTO EDGE 60 FUSION 8/256 PANTONE ZEPHYR,23499,0.0 PCS,MOTOROLA
MOTO EDGE 60 PRO 12/256 PANTONE DAZZLING BLUE,34999,0.0 PCS,MOTOROLA
MOTO G45 5G 8/128GB PANTONE DAHLIA PURPLE,12499,0.0 PCS,MOTOROLA
MOTO G85 5G 8/128 URBAN GREY,17999,0.0 PCS,MOTOROLA
MOTO G96 5G 8/128 PANTONE GREEHER PASTURES,18999,0.0 PCS,MOTOROLA
MOTO g57 POWER 8/128 PANTONE REGATTA,14999,0.0 PCS,MOTOROLA
MOTO g85 5G 12/256 COBALT BLUE,18499,0.0 PCS,MOTOROLA
MOTO g85 5G 8/128 COBALT BLUE,16499,0.0 PCS,MOTOROLA
MOTOROLA EDGE 60 FUSION 8/256 PANTONE MYKONOS BLUE,21499,0.0 PCS,MOTOROLA
NARZO 50A 4/64 OXYGEN GREEN,13570,0.0 PCS,REALME MOBILES
NARZO 50A PRIME 4/64 FLASH BLUE,12000,0.0 PCS,REALME MOBILES
NOTHING (3A ) PRO 8/256 GREY,31999,0.0 PCS,NOTHING PHONES
NOTHING 3A PRO 12/256 BLACK,33999,0.0 PCS,NOTHING PHONES
NOTHING 4A PRO 8/256GB SLIVER,54999,0.0 PCS,NOTHING PHONES
NOTHING PHONE (3a) 8/256 BLACK,26999,0.0 PCS,NOTHING PHONES
NOTHING PHONE (3a) 8/256 WHITE,26999,0.0 PCS,NOTHING PHONES
NOTHING PHONE (3a) LITE 8/128 BLUE,24999,0.0 PCS,NOTHING PHONES
NOTHING PHONE (3a) LITE 8/128 BLACK,24999,0.0 PCS,NOTHING PHONES
NOTHING PHONE (3a) LITE 8/256 BLACK,26999,0.0 PCS,NOTHING PHONES
NOTHING PHONE (3a) LITE 8/256 WHITE,26999,0.0 PCS,NOTHING PHONES
NOTHING PHONE 3A 8/128 BLACK,24999,0.0 PCS,NOTHING PHONES
NOTHING PHONE 3A 8/128 WHTE,24999,0.0 PCS,NOTHING PHONES
ONE PLUS NORD CE 2 LITE 6/128 BLACK DUSK,21238.82,0.0 PCS,ONEPLUS MOBILES
ONEPLUS 11R 5G 16/256 SONIC BLACK,44999,0.0 PCS,ONEPLUS MOBILES
ONEPLUS 11R 5G 8/128 GALACTIC SILVER,47198.82,0.0 PCS,ONEPLUS MOBILES
ONEPLUS 11R 5G 8/128 SONIC BLACK,39999,0.0 PCS,ONEPLUS MOBILES
ONEPLUS 11R 5G SOLAR RED 18 GB RAM 512 GB ROM,45999,0.0 PCS,ONEPLUS MOBILES
ONEPLUS 13s 12/256 GREEN SILK,54999,0.0 PCS,ONEPLUS MOBILES
ONEPLUS 13s 12/512 GREEN SILK,59999,0.0 PCS,ONEPLUS MOBILES
ONEPLUS CE3 LITE 5G 8/128 CHROMATIC GRAY,17999,0.0 PCS,ONEPLUS MOBILES
ONEPLUS CE3 LITE 5G 8/256 CHROMATIC GRAY,19999,0.0 PCS,ONEPLUS MOBILES
ONEPLUS NORD CE2 LITE 5G 6/128 BLUE TIDE,17999,0.0 PCS,ONEPLUS MOBILES
ONEPLUS NORD 2T 5G 8/128 GRAY SHADOW,28999,0.0 PCS,ONEPLUS MOBILES
ONEPLUS NORD 3 5G 8/128 MISTY GREEN,20499,0.0 PCS,ONEPLUS MOBILES
ONEPLUS NORD 3 5G 8/128 TEMPEST GRAY,33999,0.0 PCS,ONEPLUS MOBILES
ONEPLUS NORD 4 8/256 OASIS GREEN,29499,0.0 PCS,ONEPLUS MOBILES
ONEPLUS NORD CE 3 5G 8/128 GRAY SHIMMER,24999,0.0 PCS,ONEPLUS MOBILES
ONEPLUS NORD CE3 5G 12/256 AQUA SURGE,27999,0.0 PCS,ONEPLUS MOBILES
ONEPLUS NORD CE3 5G 12/256 GRAY SHIMMER,27999,0.0 PCS,ONEPLUS MOBILES
ONEPLUS NORD CE3 5G 8/128 GRAY SHIMMER,24999,0.0 PCS,ONEPLUS MOBILES
ONEPLUS NORD CE3 LITE 5G 8/128 PASTEL LIME,17999,0.0 PCS,ONEPLUS MOBILES
ONEPLUS NORD CE3 LITE 5G 8/256 PASTEL LIME,19999,0.0 PCS,ONEPLUS MOBILES
ONEPLUS NORD CE4 8/128 CELADON MARBLE,24999,0.0 PCS,ONEPLUS MOBILES
ONEPLUS NORD CE4 8/128 DARK CHROME,24999,0.0 PCS,ONEPLUS MOBILES
ONEPLUS NORD CE4 LITE 8/128 SUPER SILVER,17999,0.0 PCS,ONEPLUS MOBILES
ONEPLUS NORD CE5 8/256 NEXUS BLUE,26999,0.0 PCS,ONEPLUS MOBILES
ONEPLUS TV 43 Y1S PRO 4K UHD SMART TV,27999,0.0 PCS,SMART TVS
ONEPLUS TV U SERIES 65U1S 4K LED,62999,1.0 PCS,SMART TVS
ONEPLUS TV Y SERIES 32Y1,14999,0.0 PCS,SMART TVS
ONEPLUS TV Y SERIES 43 INCHES,24999,0.0 PCS,SMART TVS
ONEPLUS TV Y SERIES 55 Y1S PRO,39999,0.0 PCS,SMART TVS
ONEPLUS TV Y1S PRO 50 INCHES,34999,0.0 PCS,SMART TVS
ONEPLUS U1S (55 INCH) ULTRA HD 4K LED SMART ANDROID TV DEMO UNIT,30100,0.0 PCS,SMART TVS
ONEPLUS Y1 43 INCHES FULL HD SMART TV DEMO UNIT,19999,0.0 PCS,SMART TVS
ONEPLUS Y1S EDGE 43 INCHES SMART TV,22999,0.0 PCS,SMART TVS
OPPO A17 4/64 LAKE BLUE,12499,0.0 PCS,OPPO MOBILES
OPPO A17 4/64 MIDNIGHT BLACK,12499,0.0 PCS,OPPO MOBILES
OPPO A18 4/64 GLOWING BLACK,9999,0.0 PCS,
OPPO A3 5G 6/128 OCEAN BLUE,15999,0.0 PCS,OPPO MOBILES
OPPO A3 PRO 5G 8/256 MOONLIGHT PURPLE,19999,0.0 PCS,OPPO MOBILES
OPPO A38 4/128 GLOWING GOLD,11999,0.0 PCS,OPPO MOBILES
OPPO A3X 4/64GB STARRY PURPLE,12499,0.0 PCS,OPPO MOBILES
OPPO A58 6/128 DAZZLING GREEN,12999,1.0 PCS,OPPO MOBILES
OPPO A59 5G 4/128 SILK GOLD,13999,0.0 PCS,OPPO MOBILES
OPPO A59 5G 4/128 STARRY BLACK,13999,0.0 PCS,OPPO MOBILES
OPPO A59 5G 6/128 SILK GOLD,15499,0.0 PCS,OPPO MOBILES
OPPO A59 5G 6/128 STARRY BLACK,15499,0.0 PCS,OPPO MOBILES
OPPO A6X 5G 6/128 ICE BLUE,14999,0.0 PCS,OPPO MOBILES
OPPO A78 4G 8/128 AQUA GREEN,17499,0.0 PCS,OPPO MOBILES
OPPO A78 5G 8/128 GLOWING BLACK,18999,0.0 PCS,OPPO MOBILES
OPPO A78 5G 8/128 GLOWING BLUE,18999,0.0 PCS,OPPO MOBILES
OPPO A79 5G 8/128 MYSTERY BLACK,19999,0.0 PCS,OPPO MOBILES
OPPO F23 5G 8/256 BOLD GOLD,24999,0.0 PCS,OPPO MOBILES
OPPO F27 8/256 EMERALD GREEN,22999,0.0 PCS,OPPO MOBILES
OPPO F29 8/256GB PURPLE,25999,0.0 PCS,OPPO MOBILES
OPPO F31 5G 8/256 CLOUD GREEN,28999,0.0 PCS,OPPO MOBILES
OPPO K12X 6/128GB BREEZE BLUE,12999,0.0 PCS,OPPO MOBILES
OPPO K12X 6/128GB BREEZE PURPLE,12999,0.0 PCS,OPPO MOBILES
OPPO K12x 6/128 BREEZE BLUE,13200,0.0 PCS,OPPO MOBILES
OPPO K13 5G 8/128 ICY PURPLE,17999,0.0 PCS,OPPO MOBILES
OPPO K13 TURBO PRO 5G 8/256 MIDNIGHT MAVERICK,31999,0.0 PCS,OPPO MOBILES
OPPO PAD AIR TABLET 4/128 GREY,19999,0.0 PCS,OPPO MOBILES
OPPO RENO 10 5G 8/256 ICE BLUE,32999,0.0 PCS,OPPO MOBILES
OPPO RENO 10 5G 8/256 ICE BLUE,32999,0.0 PCS,OPPO MOBILES
OPPO RENO 10 5G 8/256 ICE BLUE,32999,1.0 PCS,OPPO MOBILES
OPPO RENO 10 5G 8/256 SILVERY GREY,32999,0.0 PCS,OPPO MOBILES
OPPO RENO 10 PRO 5G 12/256 GLOSSY PURPLE,39999,0.0 PCS,OPPO MOBILES
OPPO RENO 12 8/256 MATTE BROWN,32999,0.0 PCS,OPPO MOBILES
OPPO RENO 8T 5G 8/128 MIDNIGHT BLACK,29999,0.0 PCS,OPPO MOBILES
Orient CD 5102H Aerochill HC 51L,9990,0.0 PCS,AIRCOOLERS
Orient Knight 70L Air Cooler,13999,0.0 PCS,AIRCOOLERS
Orient TITAN 100L Air Cooler,13999,0.0 PCS,AIRCOOLERS
Orient Tornado 52L Cooler (D Grey),10999,3.0 PCS,AIRCOOLERS
Orient Tornado 65L D Grey Cooler,11499,0.0 PCS,AIRCOOLERS
Orient Tornado 88L (Dark Grey),12499,1.0 PCS,AIRCOOLERS
Orient Ultimo 88L AirCooler,13499,2.0 PCS,AIRCOOLERS
PHILIPS S7220 BLACK 8GB+128GB,16999,0.0 PCS,PHILIPS MOBILES
PHILIPS S7220 BLACK 8GB+256GB,18499,0.0 PCS,PHILIPS MOBILES
PHILIPS S7220 WHITE 8GB+256GB,18499,0.0 PCS,
PHILIPS S7221 5G 6/128 BLACK,20999,2.0 PCS,PHILIPS MOBILES
PHILIPS S7221 5G 6/128 BLUE,20999,2.0 PCS,PHILIPS MOBILES
PHILIPS S7221 5G 6/128 GRAY,20999,2.0 PCS,PHILIPS MOBILES
POCO C50 2/32 COUNTRY GREEN,7670,0.0 PCS,MI MOBILES
POCO C50 2/32 ROYAL BLUE,6500,0.0 PCS,MI MOBILES
POCO M6 5G 6/128 GALACTIC BLACK,11999,0.0 PCS,MI MOBILES
POCO M6 5G 6/128 ORION BLUE,11999,0.0 PCS,MI MOBILES
POCO M6 PRO 5G 4/64 FOREST GREEN,11499,0.0 PCS,MI MOBILES
POCO M6 PRO 5G 4/64 POWER BLACK,11499,0.0 PCS,MI MOBILES
POCO M6 PRO 5G 6/128 FOREST GREEN,13499,0.0 PCS,MI MOBILES
POCO M6 PRO 5G 6/128 POWER BLACK,13499,0.0 PCS,MI MOBILES
POCO X7 PRO 8/256 POCO YELLOW,27999,0.0 PCS,POCO MOBILES
REALME 11 5G 8/128 GLORY GOLD,18999,0.0 PCS,REALME MOBILES
REALME 11 PRO 5G 8/128 SUNRISE BEIGE,28318.82,0.0 PCS,REALME MOBILES
REALME 11 PRO+ 5G 8/256 ASTRAL BLACK,27999,0.0 PCS,REALME MOBILES
REALME 11 PRO+ 5G 8/256 OASIS GREEN,27999,0.0 PCS,REALME MOBILES
REALME 11x 5G 6/128 MIDNIGHT BLACK,14499,0.0 PCS,REALME MOBILES
REALME 11x 5G 6/128 PURPLE DAWN,14999,0.0 PCS,REALME MOBILES
REALME 11x 5G 8/128 PURPLE DAWN,15999,0.0 PCS,REALME MOBILES
REALME 12x 5G 6/128 WOODLAND GREEN,13499,0.0 PCS,REALME MOBILES
REALME 14X 6/128GB JEWEL RED,14999,0.0 PCS,REALME MOBILES
REALME 15T 5G 8/128 BLUE,21999,0.0 PCS,REALME MOBILES
REALME 16 PRO 5G 12/256 PEBBLE GREY,36999,0.0 PCS,REALME MOBILES
REALME 43 INCHES 4K ULTRA HD LED SMART ANDROID TV,27999,0.0 PCS,SMART TVS
REALME C30 3/32 BAMBOO GREEN,6999,0.0 PCS,REALME MOBILES
REALME C33 3/32 NIGHT SEA,9500,0.0 PCS,REALME MOBILES
REALME C35 4/64 GLOWING GREEN,12999,0.0 PCS,REALME MOBILES
REALME C53 6/64 CHAMPION GOLD,10999,0.0 PCS,REALME MOBILES
REALME C55 4/64 SUN SHOWER,10999,0.0 PCS,REALME MOBILES
REALME C65 5G 6/128 FEATHER GREEN,11999,0.0 PCS,REALME MOBILES
REALME C67 5G 6/128 DARK PURPLE,14999,0.0 PCS,REALME MOBILES
REALME C67 5G 6/128 SUNNY OASIS,14999,0.0 PCS,REALME MOBILES
REALME C71 4G 4/64 OBSIDIAN BLACK,7500,0.0 PCS,REALME MOBILES
REALME C73 5G 4/128 JADE GREEN,11499,0.0 PCS,REALME MOBILES
REALME C73 5G 4/128 ONYX BLACK,11499,0.0 PCS,REALME MOBILES
REALME C75 5G 4/128 PURPLE BLOSSOM,12999,0.0 PCS,REALME MOBILES
REALME C83 4/128 BLOOMING PURPLE,17800,0.0 PCS,REALME MOBILES
REALME C85 5G 6/128 PARROT PURPLE,17999,0.0 PCS,REALME MOBILES
REALME NARZO 60 5G 8/256 MARS ORANGE,19999,0.0 PCS,REALME MOBILES
REALME NARZO 70 TURBO YELLOW 6/128GB,15999,0.0 PCS,REALME MOBILES
REALME NARZO N55 6/128 PRIME BLUE,11499,0.0 PCS,REALME MOBILES
REALME NARZO N65 6/128 5G AMBER GOLD,12299,0.0 PCS,REALME MOBILES
REALME P2 PRO 8/128 GB PARROT GREEN,21999,0.0 PCS,REALME MOBILES
REALME P3 8/128 COMET GREY,17499,0.0 PCS,REALME MOBILES
REDMI 10 POWER 8/128 POWER BLACK,12999,0.0 PCS,MI MOBILES
REDMI 12 5G 4/128 JADE BLACK,12499,0.0 PCS,MI MOBILES
REDMI 12 5G 6/128 JADE BLACK,13999,0.0 PCS,MI MOBILES
REDMI 12 5G 6/128 JADE BLACK,12499,0.0 PCS,MI DISTRIBUTOR
REDMI 12 5G 6/128 MOONSTONE SILVER,13499,0.0 PCS,MI MOBILES
REDMI 12 5G 6/128 MOONSTONE SILVER,12999,0.0 PCS,MI DISTRIBUTOR
REDMI 12 5G 6/128 PASTEL BLUE,13999,0.0 PCS,MI MOBILES
REDMI 12 5G 8/256 JADE BLACK,14999,0.0 PCS,MI MOBILES
REDMI 12 5G 8/256 MOONSTONE SILVER,15999,0.0 PCS,MI DISTRIBUTOR
REDMI 12 5G 8/256 PASTEL BLUE,14499,0.0 PCS,MI DISTRIBUTOR
REDMI 12 5G 8/256 PASTEL BLUE,15999,0.0 PCS,MI MOBILES
REDMI 13 5G 6/128 BLACK DIAMOND,12999,0.0 PCS,MI DISTRIBUTOR
REDMI 13 5G 6/128 HAWAIIAN BLUE,12499,0.0 PCS,MI DISTRIBUTOR
REDMI 13 5G 6/128 ORCHID PINK,12499,0.0 PCS,MI DISTRIBUTOR
REDMI 13 5G 8/128 BLACK DIAMOND,13999,0.0 PCS,MI DISTRIBUTOR
REDMI 13 5G 8/128 HAWAIIAN BLUE,13999,0.0 PCS,MI DISTRIBUTOR
REDMI 13 5G 8/128 ORCHID PINK,15499,0.0 PCS,MI DISTRIBUTOR
REDMI 13C 5G 4/128 STARLIGHT BLACK,9999,0.0 PCS,MI DISTRIBUTOR
REDMI 13C 5G 4/128 STARTRAIL GREEN,10499,0.0 PCS,MI DISTRIBUTOR
REDMI 13C 5G 4/128 STARTRAIL SILVER,9999,0.0 PCS,MI DISTRIBUTOR
REDMI 13C 5G 6/128 STARLIGHT BLACK,11999,0.0 PCS,MI DISTRIBUTOR
REDMI 13C 5G 6/128 STARTRAIL GREEN,11999,0.0 PCS,MI DISTRIBUTOR
REDMI 13C 5G 6/128 STARTRAIL SILVER,11999,0.0 PCS,MI DISTRIBUTOR
REDMI 13C 5G 8/256 STARLIGHT BLACK,13999,0.0 PCS,MI DISTRIBUTOR
REDMI 13C 5G 8/256 STARTRAIL SILVER,13999,0.0 PCS,MI DISTRIBUTOR
REDMI 13C 8/256 STARSHINE GREEN,11999,0.0 PCS,MI MOBILES
REDMI 14C 5G 4/128 STARDUST PURPLE,10499,0.0 PCS,MI DISTRIBUTOR
REDMI 14C 5G 4/128 STARGAZE BLACK,10499,0.0 PCS,MI DISTRIBUTOR
REDMI 14C 5G 4/128 STARLIGHT BLUE,10499,0.0 PCS,MI DISTRIBUTOR
REDMI 14C 5G 4/64 STARDUST PURPLE,9499,0.0 PCS,MI DISTRIBUTOR
REDMI 14C 5G 4/64 STARGAZE BLACK,9499,0.0 PCS,MI DISTRIBUTOR
REDMI 14C 5G 4/64 STARLIGHT BLUE,9499,0.0 PCS,MI DISTRIBUTOR
REDMI 14C 5G 6/128 STARDUST PURPLE,11999,0.0 PCS,MI DISTRIBUTOR
REDMI 14C 5G 6/128 STARGAZE BLACK,11999,0.0 PCS,MI DISTRIBUTOR
REDMI 14C 5G 6/128 STARLIGHT BLUE,11999,0.0 PCS,MI DISTRIBUTOR
REDMI 15 5G 6/128 FROSTED WHITE,20499,0.0 PCS,MI DISTRIBUTOR
REDMI 15 5G 6/128 MIDNIGHT BLACK,20499,0.0 PCS,MI DISTRIBUTOR
REDMI 15 5G 6/128 SANDY PURPLE,20499,0.0 PCS,MI DISTRIBUTOR
REDMI 15 5G 8/128 FROSTED WHITE,22499,0.0 PCS,MI DISTRIBUTOR
REDMI 15 5G 8/128 MIDNIGHT BLACK,22499,0.0 PCS,MI DISTRIBUTOR
REDMI 15 5G 8/128 SANDY PURPLE,22499,0.0 PCS,MI DISTRIBUTOR
REDMI 15 5G 8/256 FROSTED WHITE,24499,0.0 PCS,MI DISTRIBUTOR
REDMI 15 5G 8/256 MIDNIGHT BLACK,25499,5.0 PCS,MI DISTRIBUTOR
REDMI 15 5G 8/256 SANDY PURPLE,24499,0.0 PCS,MI DISTRIBUTOR
REDMI 15A 5G 4/128 ACE BLACK,18499,0.0 PCS,MI DISTRIBUTOR
REDMI 15A 5G 4/128 AMAZE PURPLE,18499,7.0 PCS,MI DISTRIBUTOR
REDMI 15A 5G 4/128 AWESOME BLUE,18499,5.0 PCS,MI DISTRIBUTOR
REDMI 15A 5G 4/64 ACE BLACK,16499,0.0 PCS,MI DISTRIBUTOR
REDMI 15A 5G 4/64 AMAZE PURPLE,16499,4.0 PCS,MI DISTRIBUTOR
REDMI 15A 5G 4/64 AWESOME BLUE,16499,1.0 PCS,MI DISTRIBUTOR
REDMI 15A 5G 6/128 AWESOME BLUE,17999,4.0 PCS,MI DISTRIBUTOR
REDMI 15C 5G 4/128 DUSK PURPLE,18499,5.0 PCS,MI DISTRIBUTOR
REDMI 15C 5G 4/128 MIDNIGHT BLACK,16999,0.0 PCS,MI DISTRIBUTOR
REDMI 15C 5G 4/128 MOONLIGHT BLUE,16999,0.0 PCS,MI DISTRIBUTOR
REDMI 15C 5G 6/128 DUSK PURPLE,17499,0.0 PCS,MI DISTRIBUTOR
REDMI 15C 5G 6/128 MIDNIGHT BLACK,18999,2.0 PCS,MI DISTRIBUTOR
REDMI 15C 5G 6/128 MOONLIGHT BLUE,18999,3.0 PCS,MI DISTRIBUTOR
REDMI 15C 5G 8/128 DUSK PURPLE,20999,0.0 PCS,MI DISTRIBUTOR
REDMI 15C 5G 8/128 MIDNIGHT BLACK,20999,1.0 PCS,MI DISTRIBUTOR
REDMI 15C 5G 8/128 MOONLIGHT BLUE,20999,1.0 PCS,MI DISTRIBUTOR
REDMI 17 5G 6/128 ABSOLUTE BLACK,23999,1.0 PCS,MI DISTRIBUTOR
REDMI 17 5G 6/128 ENDLESS BLUE,23999,1.0 PCS,MI DISTRIBUTOR
REDMI 17 5G 6/128 ETERNAL ORANGE,23999,0.0 PCS,MI DISTRIBUTOR
REDMI 17 5G 8/128 ABSOLUTE BLACK,26999,1.0 PCS,MI DISTRIBUTOR
REDMI 17 5G 8/128 ENDLESS BLUE,26999,1.0 PCS,MI DISTRIBUTOR
REDMI 17 5G 8/128 ETERNAL ORANGE,26999,2.0 PCS,MI DISTRIBUTOR
REDMI A3 4/128 MIDNIGHT BLACK,7999,0.0 PCS,MI DISTRIBUTOR
REDMI A3 4/128 OLIVE GREEN,7999,0.0 PCS,MI DISTRIBUTOR
REDMI A3 6/128 MIDNIGHT BLACK,8999,0.0 PCS,MI DISTRIBUTOR
REDMI A3x 3/64 OCEAN GREEN,6999,0.0 PCS,MI DISTRIBUTOR
REDMI A3x 3/64 STARRY WHITE,6999,0.0 PCS,MI DISTRIBUTOR
REDMI A3x 4/128 MIDNIGHT BLACK,7999,0.0 PCS,MI DISTRIBUTOR
REDMI A3x 4/128 OLIVE GREEN,7999,0.0 PCS,MI DISTRIBUTOR
REDMI A3x 4/128 STARRY WHITE,7999,0.0 PCS,MI DISTRIBUTOR
REDMI A4 5G 4/128 STARRY BLACK,9999,0.0 PCS,MI DISTRIBUTOR
REDMI A5 3/64 JAISALMER GOLD,6999,0.0 PCS,MI DISTRIBUTOR
REDMI A7 3/64 BLACK,12499,1.0 PCS,MI DISTRIBUTOR
REDMI A7 3/64 SKY BLUE,12499,2.0 PCS,MI DISTRIBUTOR
REDMI A7 PRO 4/64 BLACK,13499,0.0 PCS,MI DISTRIBUTOR
REDMI A7 PRO 4/64 SUNSET ORANGE,13499,1.0 PCS,MI DISTRIBUTOR
REDMI FIRE TV 32 INCHES,13999,0.0 PCS,SMART TVS
REDMI NOTE 12 PRO 5G GLACIER BLUE,23999,0.0 PCS,MI MOBILES
"REDMI NOTE 13 5G
 
  8/256 STEALTH BLACK",16999,0.0 PCS,MI DISTRIBUTOR
REDMI NOTE 13 5G 12/256 ARCTIC WHITE,19999,0.0 PCS,MI DISTRIBUTOR
REDMI NOTE 13 5G 12/256 STEALTH BLACK,19999,0.0 PCS,MI DISTRIBUTOR
REDMI NOTE 13 5G 6/128 ARCTIC WHITE,14999,0.0 PCS,MI DISTRIBUTOR
REDMI NOTE 13 5G 6/128 CHROMATIC PURPLE,14999,0.0 PCS,MI DISTRIBUTOR
REDMI NOTE 13 5G 6/128 STEALTH BLACK,14999,0.0 PCS,MI DISTRIBUTOR
REDMI NOTE 13 5G 8/256 ARCTIC WHITE,16999,0.0 PCS,MI DISTRIBUTOR
REDMI NOTE 13 5G 8/256 CHROMATIC PURPLE,16999,0.0 PCS,MI DISTRIBUTOR
REDMI NOTE 13 PRO 5G 8/128 CORAL PURPLE,19999,0.0 PCS,MI DISTRIBUTOR
REDMI NOTE 13 PRO 5G 8/128 MIDNIGHT BLACK,19999,0.0 PCS,MI DISTRIBUTOR
REDMI NOTE 13 PRO 5G 8/256 ARCTIC WHITE,21999,0.0 PCS,MI DISTRIBUTOR
REDMI NOTE 13 PRO 5G 8/256 CORAL PURPLE,25999,0.0 PCS,MI MOBILES
REDMI NOTE 13 PRO 5G 8/256 MIDNIGHT BLACK,25999,0.0 PCS,MI DISTRIBUTOR
REDMI NOTE 13 PRO 5G 8/256 SCARLET RED,21999,0.0 PCS,MI DISTRIBUTOR
REDMI NOTE 13 PRO+ 12/256 FUSION WHITE,31499,0.0 PCS,MI DISTRIBUTOR
REDMI NOTE 13 PRO+ 5G 8/256 FUSION PURPLE,29499,0.0 PCS,MI DISTRIBUTOR
REDMI NOTE 13 PRO+ 8/256 FUSION WHITE,29499,0.0 PCS,MI DISTRIBUTOR
REDMI NOTE 14 5G 6/128 MYSTIQUE WHITE,16499,0.0 PCS,MI DISTRIBUTOR
REDMI NOTE 14 5G 6/128 PHANTOM PURPLE,16499,0.0 PCS,MI DISTRIBUTOR
REDMI NOTE 14 5G 6/128 TITAN BLACK,16499,0.0 PCS,MI DISTRIBUTOR
REDMI NOTE 14 5G 8/128 MYSTIQUE WHITE,16999,0.0 PCS,MI DISTRIBUTOR
REDMI NOTE 14 5G 8/128 PHANTOM PURPLE,16999,0.0 PCS,MI DISTRIBUTOR
REDMI NOTE 14 5G 8/128 TITAN BLACK,16999,0.0 PCS,MI DISTRIBUTOR
REDMI NOTE 14 5G 8/256 MYSTIQUE WHITE,18499,0.0 PCS,MI DISTRIBUTOR
REDMI NOTE 14 5G 8/256 PHANTOM PURPLE,18499,0.0 PCS,MI DISTRIBUTOR
REDMI NOTE 14 5G 8/256 TITAN BLACK,18499,0.0 PCS,MI DISTRIBUTOR
REDMI NOTE 14 PRO 5G 8/128 IVY GREEN,23999,0.0 PCS,MI DISTRIBUTOR
REDMI NOTE 14 PRO 5G 8/128 PHANTOM PURPLE,21999,0.0 PCS,MI DISTRIBUTOR
REDMI NOTE 14 PRO 5G 8/128 PHANTOM PURPLE DEMO,24999,0.0 PCS,DEMO PHONES
REDMI NOTE 14 PRO 5G 8/128 TITAN BLACK,21999,0.0 PCS,MI DISTRIBUTOR
REDMI NOTE 14 PRO 5G 8/256 TITAN BLACK,23999,0.0 PCS,MI DISTRIBUTOR
REDMI NOTE 14 PRO 5G 8/256 PHANTOM PURPLE,23999,0.0 PCS,MI DISTRIBUTOR
REDMI NOTE 14 PRO 8/256 IVY GREEN,23999,0.0 PCS,MI DISTRIBUTOR
REDMI NOTE 14 PRO+ 5G 12/512 TITAN BLACK,31999,0.0 PCS,MI DISTRIBUTOR
REDMI NOTE 14 PRO+ 5G 8/128 SPECTRE BLUE DEMO,30999,0.0 PCS,DEMO PHONES
REDMI NOTE 14 PRO+ 5G 8/128 TITAN BLACK,28999,1.0 PCS,MI DISTRIBUTOR
REDMI NOTE 14 PRO+ 5G 8/256 TITAN BLACK,30999,0.0 PCS,MI DISTRIBUTOR
REDMI NOTE 14 PRO+ 8/128 SPECTRE BLUE,28999,2.0 PCS,MI DISTRIBUTOR
REDMI NOTE 14 PRO+ 8/256 CHAMPAGNE GOLD,28999,0.0 PCS,MI DISTRIBUTOR
REDMI NOTE 14 PRO+ 8/256 PHANTOM PURPLE,30999,1.0 PCS,MI DISTRIBUTOR
REDMI NOTE 14 PRO+ 8/256 SPECTRE BLUE,28999,0.0 PCS,MI DISTRIBUTOR
REDMI NOTE 15 5G 8/128 BLACK,26999,1.0 PCS,MI DISTRIBUTOR
REDMI NOTE 15 5G 8/128 GLACIER BLUE,26999,6.0 PCS,MI DISTRIBUTOR
REDMI NOTE 15 5G 8/128 MIST PURPLE,26999,3.0 PCS,MI DISTRIBUTOR
REDMI NOTE 15 5G 8/256 BLACK,29999,0.0 PCS,MI DISTRIBUTOR
REDMI NOTE 15 5G 8/256 GLACIER BLUE,29999,2.0 PCS,MI DISTRIBUTOR
REDMI NOTE 15 5G 8/256 MIST PURPLE,29999,2.0 PCS,MI DISTRIBUTOR
REDMI NOTE 15 8/128 BLACK DEMO PHONE,22999,1.0 PCS,DEMO PHONES
REDMI NOTE 15 PRO 5G 8/128 CARBON BLACK,31999,1.0 PCS,MI DISTRIBUTOR
REDMI NOTE 15 PRO 5G 8/128 MIRAGE BLUE,31999,2.0 PCS,MI DISTRIBUTOR
REDMI NOTE 15 PRO 5G 8/128 SILVER ASH,31999,2.0 PCS,MI DISTRIBUTOR
REDMI NOTE 15 PRO 5G 8/256 MIRAGE BLUE,33999,0.0 PCS,MI DISTRIBUTOR
REDMI NOTE 15 PRO 5G 8/256 SILVER ASH,33999,0.0 PCS,MI DISTRIBUTOR
REDMI NOTE 15 PRO+ 12/512 CARBON BLACK,43999,0.0 PCS,MI DISTRIBUTOR
REDMI NOTE 15 PRO+ 12/512 MIRAGE BLUE,43999,0.0 PCS,MI DISTRIBUTOR
REDMI NOTE 15 PRO+ 5G 12/256 CARBON BLACK,41999,0.0 PCS,MI DISTRIBUTOR
REDMI NOTE 15 PRO+ 5G 12/256 COFFEE MOCHA,41999,0.0 PCS,MI DISTRIBUTOR
REDMI NOTE 15 PRO+ 5G 12/256 MIRAGE BLUE,41999,1.0 PCS,MI DISTRIBUTOR
REDMI NOTE 15 PRO+ 5G 8/256 CARBON BLACK,39999,0.0 PCS,MI DISTRIBUTOR
REDMI NOTE 15 PRO+ 5G 8/256 COFFEE MOCHA,39999,1.0 PCS,MI DISTRIBUTOR
REDMI NOTE 15 PRO+ 5G 8/256 MIRAGE BLUE,39999,1.0 PCS,MI DISTRIBUTOR
REDMI NOTE 17 5G 6/128 ARCTIC BLUE,27999,1.0 PCS,MI DISTRIBUTOR
REDMI NOTE 17 5G 6/128 ARCTIC BLUE DEMO,29999,1.0 PCS,DEMO PHONES
REDMI NOTE 17 5G 6/128 STARLIGHT PURPLE,27999,2.0 PCS,MI DISTRIBUTOR
REDMI NOTE 17 5G 8/128 STARLIGHT PURPLE,30999,0.0 PCS,MI DISTRIBUTOR
REDMI PAD 2 4G 8/256 GRAPHITE GREY,22999,0.0 PCS,MI DISTRIBUTOR
REDMI PAD 2 PRO 5G 8/128 QUICK SILVER,30999,1.0 PCS,MI DISTRIBUTOR
REDMI PAD 2 WIFI+CELLULAR 4/128 SKY BLUE,19999,0.0 PCS,MI DISTRIBUTOR
REDMI PAD SE 4G 4/128 URBAN GREY,10999,0.0 PCS,MI DISTRIBUTOR
REDMI PAD SE 4G 4/64 URBAN GREY,10999,0.0 PCS,MI DISTRIBUTOR
REDMI SMART TV 32 INCHES,13999,0.0 PCS,SMART TVS
Redmi A3 3/64 OLIVE GREEN,6999,0.0 PCS,MI DISTRIBUTOR
Redmi A3 6/128 Olive Green,8999,0.0 PCS,MI DISTRIBUTOR
Redmi A3x 3/64 OLIVE GREEN,6999,0.0 PCS,MI DISTRIBUTOR
Redmi A5 4/128 JAISALMER GOLD,8999,0.0 PCS,MI DISTRIBUTOR
SAMSUNG A14 5G 8/128 BLACK,20999,0.0 PCS,SAMSUNG MOBILES
SAMSUNG A15 8/128GB BLUE BLACK,16999,0.0 PCS,SAMSUNG MOBILES
SAMSUNG GALAXY A03 CORE 2/32 BRONZE,7999,0.0 PCS,SAMSUNG MOBILES
SAMSUNG GALAXY A03 CORE 2/32 ONYX,7999,0.0 PCS,SAMSUNG MOBILES
SAMSUNG GALAXY A03s 4/64 BLACK,11499,0.0 PCS,SAMSUNG MOBILES
SAMSUNG GALAXY A03s 4/64 BLUE,11499,0.0 PCS,SAMSUNG MOBILES
SAMSUNG GALAXY A03s 4/64 WHITE,11499,0.0 PCS,SAMSUNG MOBILES
SAMSUNG GALAXY A04S 4/128 COPPER,13499,0.0 PCS,SAMSUNG MOBILES
SAMSUNG GALAXY A04S 4/128 GREEN,14499,0.0 PCS,SAMSUNG MOBILES
SAMSUNG GALAXY A04S 4/64 COPPER,13499,0.0 PCS,SAMSUNG MOBILES
SAMSUNG GALAXY A04S 4/64 GREEN,13499,0.0 PCS,SAMSUNG MOBILES
SAMSUNG GALAXY A04e 3/64 LIGHT BLUE,9999,0.0 PCS,SAMSUNG MOBILES
SAMSUNG GALAXY A04e 4/128 LIGHT BLUE,11499,0.0 PCS,SAMSUNG MOBILES
SAMSUNG GALAXY A04s 4/128 BLACK,13499,0.0 PCS,SAMSUNG MOBILES
SAMSUNG GALAXY A05 4/64 BLACK,7999,0.0 PCS,SAMSUNG MOBILES
SAMSUNG GALAXY A05 4/64 LIGHT GREEN,7999,0.0 PCS,SAMSUNG MOBILES
SAMSUNG GALAXY A05 4/64 SILVER,7999,0.0 PCS,SAMSUNG MOBILES
SAMSUNG GALAXY A05 6/128 SILVER,12499,0.0 PCS,SAMSUNG MOBILES
SAMSUNG GALAXY A05S 4/128 LIGHT GREEN,11499,0.0 PCS,SAMSUNG MOBILES
SAMSUNG GALAXY A05S 4/128 LIGHT VOILET,11499,0.0 PCS,SAMSUNG MOBILES
SAMSUNG GALAXY A05s 6/128 BLACK,12999,0.0 PCS,SAMSUNG MOBILES
SAMSUNG GALAXY A05s 6/128 LIGHT GREEN,12999,0.0 PCS,SAMSUNG MOBILES
SAMSUNG GALAXY A05s 6/128 LIGHT GREEN DEMO PHONE,9999,0.0 PCS,DEMO PHONES
SAMSUNG GALAXY A05s 6/128 LIGHT VIOLET,12999,0.0 PCS,SAMSUNG MOBILES
SAMSUNG GALAXY A06 5G 4/128 BLACK,17499,1.0 PCS,SAMSUNG MOBILES
SAMSUNG GALAXY A06 5G 4/128 LIGHT GRAY,15999,0.0 PCS,SAMSUNG MOBILES
SAMSUNG GALAXY A06 5G 4/128 LIGHT GREEN,15499,0.0 PCS,SAMSUNG MOBILES
SAMSUNG GALAXY A06 5G 4/64 BLACK,15999,3.0 PCS,SAMSUNG MOBILES
SAMSUNG GALAXY A06 5G 4/64 LIGHT GRAY,15999,1.0 PCS,SAMSUNG MOBILES
SAMSUNG GALAXY A06 5G 4/64 LIGHT GREEN,14999,0.0 PCS,SAMSUNG MOBILES
SAMSUNG GALAXY A06 5G 4/64 LIGHT GREEN DEMO,10499,1.0 PCS,DEMO PHONES
SAMSUNG GALAXY A06 5G 6/128 BLACK,17499,0.0 PCS,SAMSUNG MOBILES
SAMSUNG GALAXY A06 5G 6/128 LIGHT GREEN,17499,0.0 PCS,SAMSUNG MOBILES
SAMSUNG GALAXY A06 LTE 4/64 BLACK,7999,0.0 PCS,SAMSUNG MOBILES
SAMSUNG GALAXY A06 LTE 4/64 LIGHT BLUE,7999,0.0 PCS,SAMSUNG MOBILES
SAMSUNG GALAXY A07 5G 4/128 BLACK,19999,1.0 PCS,SAMSUNG MOBILES
SAMSUNG GALAXY A07 5G 4/128 LIGHT GREEN,19999,4.0 PCS,SAMSUNG MOBILES
SAMSUNG GALAXY A07 5G 4/128 LIGHT VIOLET,19999,3.0 PCS,SAMSUNG MOBILES
SAMSUNG GALAXY A07 5G 6/128 BLACK,22999,5.0 PCS,SAMSUNG MOBILES
SAMSUNG GALAXY A07 5G 6/128 LIGHT GREEN,22999,6.0 PCS,SAMSUNG MOBILES
SAMSUNG GALAXY A07 5G 6/128 LIGHT VIOLET,22999,3.0 PCS,SAMSUNG MOBILES
SAMSUNG GALAXY A07 LTE 4/64 LIGHT VIOLET,9700,0.0 PCS,SAMSUNG MOBILES
SAMSUNG GALAXY A14 4G 4/128 LIGHT GREEN,14999,0.0 PCS,SAMSUNG MOBILES
SAMSUNG GALAXY A14 4G 4/128 SILVER,14999,0.0 PCS,SAMSUNG MOBILES
SAMSUNG GALAXY A14 4G 4/64 LIGHT GREEN,13999,0.0 PCS,SAMSUNG MOBILES
SAMSUNG GALAXY A14 5G 4/128 LIGHT GREEN,14499,0.0 PCS,SAMSUNG MOBILES
SAMSUNG GALAXY A14 5G 4/64 BLACK,13499,0.0 PCS,SAMSUNG MOBILES
SAMSUNG GALAXY A14 5G 4/64 DARK RED,13499,0.0 PCS,SAMSUNG MOBILES
SAMSUNG GALAXY A14 5G 4/64 LIGHT GREEN,13499,0.0 PCS,SAMSUNG MOBILES
SAMSUNG GALAXY A14 5G 6/128 BLACK,16999,0.0 PCS,SAMSUNG MOBILES
SAMSUNG GALAXY A14 5G 6/128 DARK RED,16999,0.0 PCS,SAMSUNG MOBILES
SAMSUNG GALAXY A14 5G 6/128 LIGHT GREEN,15999,0.0 PCS,SAMSUNG MOBILES
SAMSUNG GALAXY A14 5G 8/128 DARK RED,20999,0.0 PCS,SAMSUNG MOBILES
SAMSUNG GALAXY A14 5G 8/128 LIGHT GREEN,20999,0.0 PCS,SAMSUNG MOBILES
SAMSUNG GALAXY A15 5G 6/128 BLUE,17999,0.0 PCS,SAMSUNG MOBILES
SAMSUNG GALAXY A15 5G 6/128 BLUE BLACK,15499,0.0 PCS,SAMSUNG MOBILES
SAMSUNG GALAXY A15 5G 6/128 LIGHT BLUE,17999,0.0 PCS,SAMSUNG MOBILES
SAMSUNG GALAXY A15 5G 8/128 BLUE,16999,0.0 PCS,SAMSUNG MOBILES
SAMSUNG GALAXY A15 5G 8/128 BLUE BLACK,19499,0.0 PCS,SAMSUNG MOBILES
SAMSUNG GALAXY A15 5G 8/128 BLUE DEMO PHONE,19499,0.0 PCS,DEMO PHONES
SAMSUNG GALAXY A15 5G 8/128 LIGHT BLUE,16999,0.0 PCS,SAMSUNG MOBILES
SAMSUNG GALAXY A15 5G 8/256 BLUE,19999,0.0 PCS,SAMSUNG MOBILES
SAMSUNG GALAXY A15 5G 8/256 BLUE BLACK,19999,0.0 PCS,SAMSUNG MOBILES
SAMSUNG GALAXY A15 5G 8/256 LIGHT BLUE,22499,0.0 PCS,SAMSUNG MOBILES
SAMSUNG GALAXY A16 5G 6/128 BLUE BLACK,15499,0.0 PCS,SAMSUNG MOBILES
SAMSUNG GALAXY A16 5G 6/128 GOLD,15499,0.0 PCS,SAMSUNG MOBILES
SAMSUNG GALAXY A16 5G 6/128 LIGHT GREEN,15499,0.0 PCS,SAMSUNG MOBILES
SAMSUNG GALAXY A16 5G 6/128 LIGHT GREEN DEMO UNIT,17499,0.0 PCS,DEMO PHONES
SAMSUNG GALAXY A16 5G 8/128 BLUE BLACK,16999,0.0 PCS,SAMSUNG MOBILES
SAMSUNG GALAXY A16 5G 8/128 GOLD,16999,0.0 PCS,SAMSUNG MOBILES
SAMSUNG GALAXY A16 5G 8/128 LIGHT GREEN,16999,0.0 PCS,SAMSUNG MOBILES
SAMSUNG GALAXY A16 5G 8/256 LIGHT GREEN,20999,0.0 PCS,
SAMSUNG GALAXY A17 5G 6/128 BLACK,19499,0.0 PCS,SAMSUNG MOBILES
SAMSUNG GALAXY A17 5G 6/128 BLACK WITHOUT TA,27999,1.0 PCS,SAMSUNG MOBILES
SAMSUNG GALAXY A17 5G 6/128 BLUE,20499,0.0 PCS,SAMSUNG MOBILES
SAMSUNG GALAXY A17 5G 6/128 BLUE WITHOUT TA,27999,2.0 PCS,SAMSUNG MOBILES
SAMSUNG GALAXY A17 5G 6/128 GRAY DEMO UNIT,18999,1.0 PCS,DEMO PHONES
SAMSUNG GALAXY A17 5G 6/128 GRAY WITHOUT TA,27999,5.0 PCS,SAMSUNG MOBILES
SAMSUNG GALAXY A17 5G 8/128 BLACK WITHOUT TA,30999,4.0 PCS,SAMSUNG MOBILES
SAMSUNG GALAXY A17 5G 8/128 BLUE,20999,0.0 PCS,SAMSUNG MOBILES
SAMSUNG GALAXY A17 5G 8/128 BLUE WITHOUT TA,30999,7.0 PCS,SAMSUNG MOBILES
SAMSUNG GALAXY A17 5G 8/128 GRAY,20999,0.0 PCS,SAMSUNG MOBILES
SAMSUNG GALAXY A17 5G 8/128 GRAY WITHOUT TA,30999,5.0 PCS,SAMSUNG MOBILES
SAMSUNG GALAXY A17 5G 8/256 BLACK WITHOUT TA,32999,0.0 PCS,SAMSUNG MOBILES
SAMSUNG GALAXY A17 5G 8/256 BLUE WITHOUT TA,32999,0.0 PCS,SAMSUNG MOBILES
SAMSUNG GALAXY A17 5G 8/256 GRAY WITHOUT TA,32999,0.0 PCS,SAMSUNG MOBILES
SAMSUNG GALAXY A26 5G 6/128 MINT,23499,0.0 PCS,SAMSUNG MOBILES
SAMSUNG GALAXY A26 5G 8/128 BLACK,24999,0.0 PCS,SAMSUNG MOBILES
SAMSUNG GALAXY A26 5G 8/128 MINT,24999,0.0 PCS,SAMSUNG MOBILES
SAMSUNG GALAXY A26 5G 8/128 WHITE,24999,0.0 PCS,SAMSUNG MOBILES
SAMSUNG GALAXY A26 5G 8/256 BLACK,27999,0.0 PCS,SAMSUNG MOBILES
SAMSUNG GALAXY A26 5G 8/256 WHITE,27999,0.0 PCS,SAMSUNG MOBILES
SAMSUNG GALAXY A27 5G 6/128 LIGHT GREEN,31999,0.0 PCS,SAMSUNG MOBILES
SAMSUNG GALAXY A27 5G 6/128 LIGHT GREEN DEMO,31999,1.0 PCS,DEMO PHONES
SAMSUNG GALAXY A27 5G 6/128 LIGHT PINK,31999,0.0 PCS,SAMSUNG MOBILES
SAMSUNG GALAXY A27 5G 8/128 BLACK,34999,0.0 PCS,SAMSUNG MOBILES
SAMSUNG GALAXY A27 5G 8/128 LIGHT GREEN,38999,1.0 PCS,SAMSUNG MOBILES
SAMSUNG GALAXY A27 5G 8/256 LIGHT GREEN,40499,0.0 PCS,SAMSUNG MOBILES
SAMSUNG GALAXY A34 5G 8/128 AWESOME VIOLET,27499,0.0 PCS,SAMSUNG MOBILES
SAMSUNG GALAXY A35 5G 8/128 AWESOME NAVY,25999,0.0 PCS,SAMSUNG MOBILES
SAMSUNG GALAXY A35 8/128 AWESOME LILAC,25999,0.0 PCS,SAMSUNG MOBILES
SAMSUNG GALAXY A36 5G 12/256 AWESOME LAVENDER,38999,0.0 PCS,SAMSUNG MOBILES
SAMSUNG GALAXY A36 5G 8/128 AWESOME BLACK,30999,0.0 PCS,SAMSUNG MOBILES
SAMSUNG GALAXY A36 5G 8/128 AWESOME LAVENDER,30999,0.0 PCS,SAMSUNG MOBILES
SAMSUNG GALAXY A36 5G 8/128 AWESOME LAVENDER DEMO UNIT,19999,0.0 PCS,DEMO PHONES
SAMSUNG GALAXY A36 5G 8/256 AWESOME LAVENDER,33999,0.0 PCS,SAMSUNG MOBILES
SAMSUNG GALAXY A36 5G 8/256 AWESOME LIME,33999,0.0 PCS,SAMSUNG MOBILES
SAMSUNG GALAXY A36 5G 8/256 AWESOME WHITE,33999,0.0 PCS,SAMSUNG MOBILES
SAMSUNG GALAXY A37 5G 12/256 AWESOME LAVENDER,52999,1.0 PCS,SAMSUNG MOBILES
SAMSUNG GALAXY A37 5G 12/256 AWESOME WHITE,52999,1.0 PCS,SAMSUNG MOBILES
SAMSUNG GALAXY A37 5G 8/128 AWESOME GRAYGREEN,41999,0.0 PCS,SAMSUNG MOBILES
SAMSUNG GALAXY A37 5G 8/128 AWESOME LAVENDER DEMO UNIT,41999,1.0 PCS,DEMO PHONES
SAMSUNG GALAXY A37 5G 8/256 AWESOME GRAYGREEN,54499,1.0 PCS,SAMSUNG MOBILES
SAMSUNG GALAXY A37 5G 8/256 AWESOME WHITE,47499,0.0 PCS,SAMSUNG MOBILES
SAMSUNG GALAXY A54 5G 8/256 AWESOME WHITE,40999,0.0 PCS,SAMSUNG MOBILES
SAMSUNG GALAXY A55 5G 12/256 AWESOME OLIVE,47999,0.0 PCS,SAMSUNG MOBILES
SAMSUNG GALAXY A55 5G 8/256 AWESOME ICE BLUE DEMO PHONE,31999,0.0 PCS,DEMO PHONES
SAMSUNG GALAXY A55 8/128 AWESOME ICEBLUE,39999,0.0 PCS,SAMSUNG MOBILES
SAMSUNG GALAXY A55 8/128 AWESOME NAVY,33999,0.0 PCS,SAMSUNG MOBILES
SAMSUNG GALAXY A55 8/256 AWESOME ICEBLUE,36999,0.0 PCS,SAMSUNG MOBILES
SAMSUNG GALAXY A56 5G 12/256 AWESOME GRAPHITE,44999,0.0 PCS,SAMSUNG MOBILES
SAMSUNG GALAXY A56 5G 12/256 AWESOME LIGHTGRAY,44999,0.0 PCS,SAMSUNG MOBILES
SAMSUNG GALAXY A56 5G 8/128 AWESOME OLIVE DEMO,39999,0.0 PCS,DEMO PHONES
SAMSUNG GALAXY A56 5G 8/256 AWESOME LIOGHTGRAY,43999,0.0 PCS,SAMSUNG MOBILES
SAMSUNG GALAXY A56 5G 8/256 AWESOME OLIVE,43999,0.0 PCS,SAMSUNG MOBILES
SAMSUNG GALAXY A57 5G 12/256 AWESOME ICYBLUE,72499,1.0 PCS,SAMSUNG MOBILES
SAMSUNG GALAXY A57 5G 12/256 AWESOME LILAC,62499,0.0 PCS,SAMSUNG MOBILES
SAMSUNG GALAXY A57 5G 8/256 AWESOME LILAC,56999,0.0 PCS,SAMSUNG MOBILES
SAMSUNG GALAXY A57 8/256 AWESOME NAVY DEMO UNIT,56999,1.0 PCS,DEMO PHONES
SAMSUNG GALAXY F06 5G 4/128 LIT VIOLET,9999,0.0 PCS,SAMSUNG MOBILES
SAMSUNG GALAXY F06 5G 4/64 LIT VIOLET,8999,0.0 PCS,SAMSUNG MOBILES
SAMSUNG GALAXY F06 5G 6/128 BAHAMA BLUE,11499,0.0 PCS,SAMSUNG MOBILES
SAMSUNG GALAXY F15 5G 4/128 GROOVY VIOLET,12499,0.0 PCS,SAMSUNG MOBILES
SAMSUNG GALAXY F15 5G 6/128 ASH BLACK,13499,0.0 PCS,SAMSUNG MOBILES
SAMSUNG GALAXY F15 5G 6/128 GROOVY VIOLET,13499,0.0 PCS,SAMSUNG MOBILES
SAMSUNG GALAXY F15 5G 6/128 JAZZY GREEN,13499,0.0 PCS,SAMSUNG MOBILES
SAMSUNG GALAXY F15 5G 8/128 GROOVY VIOLET,14999,0.0 PCS,SAMSUNG MOBILES
SAMSUNG GALAXY F15 5G 8/128 JAZZY GREEN,14999,0.0 PCS,SAMSUNG MOBILES
SAMSUNG GALAXY F16 5G 4/128 BLING BLACK,12499,0.0 PCS,SAMSUNG MOBILES
SAMSUNG GALAXY F17 5G 4/128 NEO BLACK,19999,1.0 PCS,SAMSUNG MOBILES
SAMSUNG GALAXY F17 5G 4/128 VIOLET POP,19999,2.0 PCS,SAMSUNG MOBILES
SAMSUNG GALAXY F17 5G 6/128 NEO BLACK,22999,1.0 PCS,SAMSUNG MOBILES
SAMSUNG GALAXY F17 5G 6/128 VIOLET POP,21999,1.0 PCS,SAMSUNG MOBILES
SAMSUNG GALAXY F17 5G 8/128 NEO BLACK,25999,1.0 PCS,SAMSUNG MOBILES
SAMSUNG GALAXY F17 5G 8/128 VIOLET POP,23999,1.0 PCS,SAMSUNG MOBILES
SAMSUNG GALAXY F54 5G 8/256 METEOR BLUE,25999,0.0 PCS,SAMSUNG MOBILES
SAMSUNG GALAXY F54 5G 8/256 STARDUST SILVER,31999,0.0 PCS,SAMSUNG MOBILES
SAMSUNG GALAXY F55 5G 8/128 APRICOT CRUSH,26999,0.0 PCS,SAMSUNG MOBILES
SAMSUNG GALAXY F55 5G 8/256 APRICOT CRUSH,29999,0.0 PCS,SAMSUNG MOBILES
SAMSUNG GALAXY F56 5G 8/128 GREEN DEMO UNIT,27999,0.0 PCS,DEMO PHONES
SAMSUNG GALAXY F56 5G 8/256 VIOLET,30999,0.0 PCS,SAMSUNG MOBILES
SAMSUNG GALAXY FOLD 6 12/256 SILVER SHADOW,164999,0.0 PCS,SAMSUNG MOBILES
SAMSUNG GALAXY M14 4/64 SAPPHIRE BLUE,8999,0.0 PCS,SAMSUNG MOBILES
SAMSUNG GALAXY M15 5G 8/128 CELESTIAL BLUE,16499,0.0 PCS,SAMSUNG MOBILES
SAMSUNG GALAXY M55 5G 8/128 DENIM BLACK,26999,0.0 PCS,SAMSUNG MOBILES
SAMSUNG GALAXY M55 5G 8/256 DENIM BLACK,27999,0.0 PCS,SAMSUNG MOBILES
SAMSUNG GALAXY M56 5G 8/128 BLACK,27999,0.0 PCS,SAMSUNG MOBILES
SAMSUNG GALAXY M56 5G 8/128 LIGHT GREEN,27999,0.0 PCS,SAMSUNG MOBILES
SAMSUNG GALAXY M56 5G 8/128 LIGHT GREEN DEMO UNIT,27999,0.0 PCS,DEMO PHONES
SAMSUNG GALAXY S20 FE 5G 8/128 CLOUD MINT,29999,0.0 PCS,SAMSUNG MOBILES
SAMSUNG GALAXY S20 FE 5G 8/128 CLOUD NAVY,29999,0.0 PCS,SAMSUNG MOBILES
SAMSUNG GALAXY S21 FE 5G 8/256 NAVY,41999,0.0 PCS,SAMSUNG MOBILES
SAMSUNG GALAXY S23 8/128 CREAM,64999,0.0 PCS,SAMSUNG MOBILES
SAMSUNG GALAXY S23 8/256 CREAM,79999,0.0 PCS,SAMSUNG MOBILES
SAMSUNG GALAXY S23 8/256 PHANTOM BLACK,69999,0.0 PCS,SAMSUNG MOBILES
SAMSUNG GALAXY S23 FE 8/128 MINT,54999,0.0 PCS,
SAMSUNG GALAXY S23 FE 8/128 PURPLE,54999,0.0 PCS,SAMSUNG MOBILES
SAMSUNG GALAXY S23 FE 8/256 MINT,59999,0.0 PCS,SAMSUNG MOBILES
SAMSUNG GALAXY S23 ULTRA 12/256 CREAM,124999,0.0 PCS,SAMSUNG MOBILES
SAMSUNG GALAXY S23 ULTRA 12/256 GREEN,124999,0.0 PCS,SAMSUNG MOBILES
SAMSUNG GALAXY S23 ULTRA 12/256 PHANTOM BLACK,124999,0.0 PCS,SAMSUNG MOBILES
SAMSUNG GALAXY S23 ULTRA 12/256 PHANTOM BLACK,124999,0.0 PCS,SAMSUNG MOBILES
SAMSUNG GALAXY S23FE 8/256 GRAPHITE,59999,0.0 PCS,SAMSUNG MOBILES
SAMSUNG GALAXY S24 8/128 MARBLE GRAY,64999,0.0 PCS,SAMSUNG MOBILES
SAMSUNG GALAXY S24 8/256 AMBER YELLOW,70999,0.0 PCS,SAMSUNG MOBILES
SAMSUNG GALAXY S24 8/256 MARBLE GRAY,70999,0.0 PCS,SAMSUNG MOBILES
SAMSUNG GALAXY S24 ULTRA 12/512 GB TITANIUM BLACK,139999,0.0 PCS,SAMSUNG MOBILES
SAMSUNG GALAXY S24 ULTRA 12/256 TITANIUM GRAY,83999,0.0 PCS,SAMSUNG MOBILES
SAMSUNG GALAXY S24 ULTRA 12/256 TITANIUM VIOLET,84999,0.0 PCS,SAMSUNG MOBILES
SAMSUNG GALAXY S24+ 12/256 COBALT VIOLET,99999,0.0 PCS,SAMSUNG MOBILES
SAMSUNG GALAXY S25 12/256 NAVY,80999,0.0 PCS,SAMSUNG MOBILES
SAMSUNG GALAXY S25 FE 8/512 NAVY,77999,0.0 PCS,SAMSUNG MOBILES
SAMSUNG GALAXY S25 ULTRA 12/256 TITANIUM SILVERBLUE,129999,0.0 PCS,SAMSUNG MOBILES
SAMSUNG GALAXY S26 12/256 COBALT VIOLET DEMO UNIT,88000,1.0 PCS,DEMO PHONES
SAMSUNG GALAXY S26 12/256 SKYBLUE,87999,0.0 PCS,SAMSUNG MOBILES
SAMSUNG GALAXY S26 ULTRA 12/512 SKY BLUE,159999,1.0 PCS,SAMSUNG MOBILES
SAMSUNG GALAXY TAB A9+ 5G 8/128 NAVY,24999,0.0 PCS,SAMSUNG MOBILES
SAMSUNG GALAXY TAB A11 LTE 4/64 GRAY,18999,0.0 PCS,SAMSUNG MOBILES
SAMSUNG GALAXY TAB A11 LTE 4/64 SILVER DEMO,15000,1.0 PCS,SAMSUNG MOBILES
SAMSUNG GALAXY TAB A11 LTE 8/128 GRAY,20999,0.0 PCS,SAMSUNG MOBILES
SAMSUNG GALAXY TAB A7 LITE LTE 3/32 GRAY,14999,0.0 PCS,SAMSUNG MOBILES
SAMSUNG GALAXY TAB A8 LTE 4/64 SILVER,21999,0.0 PCS,SAMSUNG MOBILES
SAMSUNG GALAXY TAB A9 LTE 4/64 GRAPHITE,15999,0.0 PCS,SAMSUNG MOBILES
SAMSUNG GALAXY TAB A9+ 5G 8/128 SILVER,24999,0.0 PCS,SAMSUNG MOBILES
SAMSUNG GALAXY Z FLIP 5 8/256 MINT,99999,0.0 PCS,SAMSUNG MOBILES
SAMSUNG GALAXY Z FOLD5 5G 12/256 ICY BLUE,154999,0.0 PCS,SAMSUNG MOBILES
SAMSUNG HD READY LED SMART TIZEN TV 32 INCHES,13990,0.0 PCS,SMART TVS
SAMSUNG New D Series Brighter Crystal 4K Vivid Series (2024 Edition) 108 cm (43 inch) Ultra HD (4K) LED Smart Tv,29999,1.0 PCS,SMART TVS
SAMSUNG S21 FE 5G 8/256 GRAPHITE,41999,0.0 PCS,SAMSUNG MOBILES
SAMSUNG S21FE 5G,49999,0.0 PCS,SAMSUNG MOBILES
SAMSUNG S26 ULTRA 12/256 GB COBALT VIOLET,139999,0.0 PCS,SAMSUNG MOBILES
SAMSUNG TAB A11+ 5G 6/128 GRAY,34999,1.0 PCS,SAMSUNG MOBILES
SAMSUNG TAB A9+ 5G 8/128 GRAPHITE,24999,0.0 PCS,SAMSUNG MOBILES
Samsung Crystal 4K Infinity Vision 108 cm (43 inch) Ultra HD (4K) LED Smart Tizen TV 2025 Edition,27900,0.0 PCS,SMART TVS
Samsung Galaxy A35 5G 8/128 Awesome Iceblue,25999,0.0 PCS,SAMSUNG MOBILES
Samsung Galaxy A35 5G 8/256 AWESOME NAVY,28999,0.0 PCS,SAMSUNG MOBILES
Samsung Galaxy A35 5G 8/256 Awesome Iceblue,28999,0.0 PCS,SAMSUNG MOBILES
Samsung Galaxy A55 5G 12/256 Awesome NAVY,45999,0.0 PCS,SAMSUNG MOBILES
Samsung Galaxy A55 5G 8/256 Awesome Navy,36999,0.0 PCS,SAMSUNG MOBILES
Symphony Sumo 75 XL Desert Air Cooler,14500,0.0 PCS,AIRCOOLERS
TCL S5500 (32 inch) Full HD LED Smart Google TV 2024 Edition,14999,2.0 PCS,SMART TVS
V60 8/256GB AUSPICIOUS GOLD,38999,0.0 PCS,VIVO MOBILES
VIVO S2 5G 8/256 SAPPHIRE BLUE,44999,0.0 PCS,VIVO MOBILES
VIVO T2 PRO 5G 8/256 NEW MOON BLACK,24999,0.0 PCS,VIVO MOBILES
VIVO T2 PRO 8/128 DUNE GOLD,23999,0.0 PCS,VIVO MOBILES
VIVO T2 PRO 8/128 NEW MOON BLACK,23999,0.0 PCS,VIVO MOBILES
VIVO T2 PRO 8/256 DUNE GOLD,24999,0.0 PCS,
VIVO T2X 5G 6/128 AURORA GOLD,13999,0.0 PCS,VIVO MOBILES
VIVO T2X 5G 6/128 GLIMMER BLACK,13999,0.0 PCS,VIVO MOBILES
VIVO T2X 5G 6/128 MARINE BLUE,13999,0.0 PCS,VIVO MOBILES
VIVO T2X 5G 8/128 MARINE BLUE,16499,0.0 PCS,VIVO MOBILES
VIVO T3 LITE 6/128 MAJESTIC BLACK,11999,0.0 PCS,VIVO MOBILES
VIVO T3 PRO 8/128 SANDSTONE ORANGE,24999,0.0 PCS,VIVO MOBILES
VIVO T3 PRO 8/256 EMERALD GREEN,26999,0.0 PCS,VIVO MOBILES
VIVO T3x 5G 6/128 CELESTIAL GREEN,15499,0.0 PCS,VIVO MOBILES
VIVO T3x 5G 6/128 SAPPHIRE BLUE,14999,0.0 PCS,VIVO MOBILES
VIVO T3x 5G 8/128 CELESTIAL GREEN,16999,0.0 PCS,VIVO MOBILES
VIVO T3x 5G 8/128 CRIMSON BLISS,16999,0.0 PCS,VIVO MOBILES
VIVO T4 12/256GB GRAY COLOUR,26999,0.0 PCS,VIVO MOBILES
VIVO T4 5G 8/128 PHANTOM GREY,21499,0.0 PCS,VIVO MOBILES
VIVO T4 8/256GB EMERALD BLAZE,24999,0.0 PCS,VIVO MOBILES
VIVO T4 PRO 8/128 BLAZE GOLD,26999,0.0 PCS,VIVO MOBILES
VIVO T4R 12/256 TWILIGHT BLUE,23499,0.0 PCS,VIVO MOBILES
VIVO T4R 5G 8/128 TWILIGHT BLUE,20999,0.0 PCS,VIVO MOBILES
VIVO T4R 8/256GB ARCTIC WHITE,21499,0.0 PCS,
VIVO T4R 8/256GB TWILIGHT BLUE,23499,0.0 PCS,VIVO MOBILES
VIVO T4X 5G 8/128 MARINE BLUE,16499,0.0 PCS,VIVO MOBILES
VIVO T4x 5G 8/128 PRONTO PURPLE,14999,0.0 PCS,VIVO MOBILES
VIVO T4x 5G 8/256 PRONTO PURPLE,16499,0.0 PCS,VIVO MOBILES
VIVO T4x 6/128 PRONTO PURPLE,13999,0.0 PCS,VIVO MOBILES
VIVO T5 PRO 5G 8/256 COSMIC BLACK,36999,0.0 PCS,VIVO MOBILES
VIVO T5X 5G 8/128 STAR SILVER,27999,0.0 PCS,VIVO MOBILES
VIVO T5x 5G 6/128GB CYBER GREEN,22999,0.0 PCS,VIVO MOBILES
VIVO V27 12/256 NOBLE BLACK,36999,0.0 PCS,VIVO MOBILES
VIVO V27 8/128 MAGIC BLUE,32999,0.0 PCS,VIVO MOBILES
VIVO V27 8/128 NOBLE BLACK,32999,0.0 PCS,VIVO MOBILES
VIVO V27 PRO 8/256 NOBLE BLACK,39999,0.0 PCS,VIVO MOBILES
VIVO V29 12/256 RED,36999,0.0 PCS,VIVO MOBILES
VIVO V29 5G 8/128 BLACK,32999,0.0 PCS,VIVO MOBILES
VIVO V29 5G 12/256 BLACK,36999,0.0 PCS,VIVO MOBILES
VIVO V29 5G 8/128 BLUE,32999,0.0 PCS,VIVO MOBILES
VIVO V29 8/128 RED,32999,0.0 PCS,VIVO MOBILES
VIVO V29 PRO 8/256 BLUE,39999,0.0 PCS,VIVO MOBILES
VIVO V29e 8/128 ARTISTIC BLUE,26999,0.0 PCS,VIVO MOBILES
VIVO V29e 8/128 ARTISTIC RED,26999,0.0 PCS,VIVO MOBILES
VIVO V29e 8/256 ARTISTIC BLUE,28999,0.0 PCS,VIVO MOBILES
VIVO V29e 8/256 ARTISTIC RED,28999,0.0 PCS,VIVO MOBILES
VIVO V30 12/256 ANDAMAN BLUE,37999,0.0 PCS,VIVO MOBILES
VIVO V30 8/128 ANDAMAN BLUE,31999,0.0 PCS,VIVO MOBILES
VIVO V30 PRO 12/512 ANDAMAN BLUE,46999,0.0 PCS,VIVO MOBILES
VIVO V30 PRO 8/256 CLASSIC BLACK,41999,0.0 PCS,VIVO MOBILES
VIVO V40 12/512GB GANGES BLUE,41999,0.0 PCS,VIVO MOBILES
VIVO V40 8/128 GANGES BLUE,34999,0.0 PCS,VIVO MOBILES
VIVO V40 8/128 TITANIUM GRAY,34999,0.0 PCS,VIVO MOBILES
VIVO V40 8/256 GANGES BLUE,32499,0.0 PCS,VIVO MOBILES
VIVO V40 8/256 LOTUS PURPLE,36999,0.0 PCS,VIVO MOBILES
VIVO V40 8/256 LOTUS PURPLE,36999,0.0 PCS,VIVO MOBILES
VIVO V40 8/256 TITANIUM GREY,36999,0.0 PCS,VIVO MOBILES
VIVO V40 PRO 12/512 GANGES BLUE,55999,0.0 PCS,VIVO MOBILES
VIVO V40e 8/256 MINT GREEN,28999,0.0 PCS,VIVO MOBILES
VIVO V40e 8/256 ROYAL BRONZE,30999,0.0 PCS,VIVO MOBILES
VIVO V50 8/128 ROSE RED,34999,0.0 PCS,VIVO MOBILES
VIVO V50 8/256 ROSE RED,36999,0.0 PCS,VIVO MOBILES
VIVO V50 8/256 TITANIUM GREY,36999,0.0 PCS,VIVO MOBILES
VIVO V50 ELITE EDITION 12/512 ROSE RED,41999,0.0 PCS,VIVO MOBILES
VIVO V50e 8/128 PEARL WHITE,28999,0.0 PCS,VIVO MOBILES
VIVO V50e 8/256 PEARL WHITE,28999,0.0 PCS,VIVO MOBILES
VIVO V60 12/256 MOONLIT BLUE,40999,0.0 PCS,VIVO MOBILES
VIVO V60 12/256 NOBLE GOLD,40999,0.0 PCS,VIVO MOBILES
VIVO V60 5G 8/256 MOONLIT BLUE,38999,0.0 PCS,VIVO MOBILES
VIVO V60 8/128 MOONLIT BLUE DEMO UNIT,36999,0.0 PCS,DEMO PHONES
VIVO V60 8/256 MIST GRAY,38999,0.0 PCS,VIVO MOBILES
VIVO V60E 12/256GB NOBLE GOLD,33999,0.0 PCS,
VIVO V60e 12/256 ELITE PURPLE,33999,0.0 PCS,VIVO MOBILES
VIVO V60e 8/128 ELITE PURPLE,29999,0.0 PCS,VIVO MOBILES
VIVO V60e 8/128 NOBLE GOLD DEMO PHONE,29999,0.0 PCS,DEMO PHONES
VIVO V60e 8/256 ELITE PURPLE,31999,0.0 PCS,VIVO MOBILES
VIVO V70 8/256 PASSION RED,45999,0.0 PCS,VIVO MOBILES
VIVO V70 8/256GB PASSION RED,53999,0.0 PCS,VIVO MOBILES
VIVO V70 ELITE 8/256 SAND BEIGE,51999,0.0 PCS,VIVO MOBILES
VIVO Y01A 2/32 SAPPHIRE BLUE,7999,0.0 PCS,VIVO MOBILES
VIVO Y02 3/32 SUNSET GOLD,8499,0.0 PCS,VIVO MOBILES
VIVO Y05 4/64 CHAMPAGNE GOLD,12999,2.0 PCS,VIVO MOBILES
VIVO Y100A 8/128 PACIFIC BLUE,21999,0.0 PCS,VIVO MOBILES
VIVO Y11 5G 4/128 MIDNIGHT BLUE,16999,0.0 PCS,VIVO MOBILES
VIVO Y11 5G 4/128 SUNRISE GOLD,16999,0.0 PCS,
VIVO Y11 5G 4/64 MIDNIGHT BLUE DEMO UNIT,14999,1.0 PCS,DEMO PHONES
VIVO Y11 5G 4/64 SUNRISE GOLD,14999,0.0 PCS,VIVO MOBILES
VIVO Y17s 4/128 FOREST GREEN,11499,0.0 PCS,VIVO MOBILES
VIVO Y17s 4/128 GLITTER PURPLE,10499,0.0 PCS,VIVO MOBILES
VIVO Y17s 4/64 FOREST GREEN,10499,0.0 PCS,VIVO MOBILES
VIVO Y17s 4/64 GLITTER PURPLE,10499,0.0 PCS,VIVO MOBILES
VIVO Y19 5G 4/128 TITANIUM SILVER,11499,0.0 PCS,VIVO MOBILES
VIVO Y19 5G 4/64 MAJESTIC GREEN,10499,0.0 PCS,VIVO MOBILES
VIVO Y19 5G 4/64 TITANIUM SILVER,10499,0.0 PCS,VIVO MOBILES
VIVO Y19 5G 6/128 MAJESTIC GREEN,12999,0.0 PCS,VIVO MOBILES
VIVO Y19 5G 6/128 TITANIUM SILVER,12999,0.0 PCS,VIVO MOBILES
VIVO Y19e 4/64 TITANIUM SILVER,8999,0.0 PCS,VIVO MOBILES
VIVO Y19s 5G 4/64 MAJESTIC GREEN,12499,0.0 PCS,VIVO MOBILES
VIVO Y19s 5G 4/64 TITANIUM SILVER,12499,0.0 PCS,VIVO MOBILES
VIVO Y19s 5G 6/128 TITANIUM SILVER,15499,0.0 PCS,VIVO MOBILES
VIVO Y21 5G 4/128 MIDNIGHT BLUE,18999,0.0 PCS,VIVO MOBILES
VIVO Y21 5G 8/128 CHAMPAGNE GOLD,22999,0.0 PCS,VIVO MOBILES
VIVO Y21 5G 8/128 MIDNIGHT BLUE,22999,0.0 PCS,VIVO MOBILES
VIVO Y22 4/128 METAVERSE GREEN,14499,0.0 PCS,VIVO MOBILES
VIVO Y22 4/128 STARLIT BLUE,14499,0.0 PCS,VIVO MOBILES
VIVO Y27 6/128 BURGUNDY BLACK,12999,0.0 PCS,VIVO MOBILES
VIVO Y27 6/128 BURGUNDY BLACK DEMO PHONE,8999,0.0 PCS,DEMO PHONES
VIVO Y27 6/128 GARDEN GREEN,12999,0.0 PCS,VIVO MOBILES
VIVO Y28 5G 4/128 CRYSTAL PURPLE,13999,0.0 PCS,VIVO MOBILES
VIVO Y28 5G 4/128 GLITTER AQUA,13999,0.0 PCS,VIVO MOBILES
VIVO Y28 5G 6/128 CRYSTAL PURPLE,15499,0.0 PCS,VIVO MOBILES
VIVO Y28 5G 6/128 GLITTER AQUA,15499,0.0 PCS,VIVO MOBILES
VIVO Y28 5G 8/128 CRYSTAL PURPLE,16999,0.0 PCS,VIVO MOBILES
VIVO Y28 5G 8/128 GLITTER AQUA,16999,0.0 PCS,VIVO MOBILES
VIVO Y28S 5G 8/128 GB VINTAGE RED,16499,0.0 PCS,VIVO MOBILES
VIVO Y28e 4/64 VINTAGE RED,10999,0.0 PCS,VIVO MOBILES
VIVO Y28s 5G 4/128 TWINKLING PURPLE,13499,0.0 PCS,VIVO MOBILES
VIVO Y28s 5G 4/128 VINTAGE RED,13499,0.0 PCS,VIVO MOBILES
VIVO Y28s 5G 6/128 TWINKLING PURPLE,14999,0.0 PCS,VIVO MOBILES
VIVO Y28s 5G 6/128 VINTAGE RED,14999,0.0 PCS,VIVO MOBILES
VIVO Y28s 5G 8/128 TWINKLING PURPLE,16999,0.0 PCS,VIVO MOBILES
VIVO Y28s 8/128 VINTAGE RED,16499,0.0 PCS,VIVO MOBILES
VIVO Y29 5G 4/128 DIAMOND BLACK,13999,0.0 PCS,VIVO MOBILES
VIVO Y29 5G 4/128 GLACIER BLUE,13999,0.0 PCS,VIVO MOBILES
VIVO Y29 5G 6/128 DIAMOND BLACK,15499,0.0 PCS,VIVO MOBILES
VIVO Y29 5G 6/128 GLACIER BLUE,15499,0.0 PCS,VIVO MOBILES
VIVO Y29 5G 8/128 DIAMOND BLACK,16999,0.0 PCS,VIVO MOBILES
VIVO Y29 5G 8/256 TITANIUM GOLD,18999,0.0 PCS,VIVO MOBILES
VIVO Y300 5G 8/128 PHANTOM PURPLE,20999,0.0 PCS,VIVO MOBILES
VIVO Y300 5G 8/128 TITANIUM SILVER,20999,0.0 PCS,VIVO MOBILES
VIVO Y300 5G 8/256 PHANTOM PURPLE,23999,0.0 PCS,VIVO MOBILES
VIVO Y300 5G 8/256 TITANIUM SILVER,22999,0.0 PCS,VIVO MOBILES
VIVO Y300 8/128 TITANIUM SILVER DEMO PHONE,21999,0.0 PCS,DEMO PHONES
VIVO Y300 PLUS 5G 8/128 SILK GREEN,23999,0.0 PCS,VIVO MOBILES
VIVO Y300 PLUS 5G 8/128 SILK GREEN,23999,0.0 PCS,VIVO MOBILES
VIVO Y31 5G 4/128 DIAMOND GREEN,18999,0.0 PCS,VIVO MOBILES
VIVO Y31 5G 4/128 RED ROSE DEMO UNIT,25999,1.0 PCS,DEMO PHONES
VIVO Y31 5G 4/128 ROSE RED,18999,0.0 PCS,VIVO MOBILES
VIVO Y31 5G 6/128 DIAMOND GREEN,20999,0.0 PCS,VIVO MOBILES
VIVO Y31 5G 6/128 ROSE RED,20999,0.0 PCS,VIVO MOBILES
VIVO Y31 PRO 5G 8/128 DREAMY WHITE,19999,0.0 PCS,VIVO MOBILES
VIVO Y31 PRO 5G 8/128 MOCHA BROWN,19999,0.0 PCS,VIVO MOBILES
VIVO Y31 PRO 5G 8/256 DREAMY WHITE,21999,0.0 PCS,VIVO MOBILES
VIVO Y31 PRO 5G 8/256 MOCHA BROWN,21999,0.0 PCS,VIVO MOBILES
VIVO Y36 8/128 METEOR BLACK,14999,0.0 PCS,VIVO MOBILES
VIVO Y36 8/128 VIBRANT GOLD,14999,0.0 PCS,VIVO MOBILES
VIVO Y39 5G 8/128 LOTUS PURPLE,16999,0.0 PCS,VIVO MOBILES
VIVO Y39 5G 8/128 OCEAN BLUE,16999,0.0 PCS,VIVO MOBILES
VIVO Y39 5G 8/256 LOTUS PURPLE,18999,0.0 PCS,VIVO MOBILES
VIVO Y400 5G 8/128 GLAM WHITE,22999,0.0 PCS,VIVO MOBILES
VIVO Y400 5G 8/128 OLIVE GREEN,22999,0.0 PCS,VIVO MOBILES
VIVO Y400 5G 8/256 GLAM WHITE,24999,0.0 PCS,VIVO MOBILES
VIVO Y400 PRO 8/128 GB FREESTYLE WHITE,24999,0.0 PCS,
VIVO Y400 PRO 8/128 NEBULA PURPLE,24999,0.0 PCS,VIVO MOBILES
VIVO Y400 PRO 8/256 FEST GOLD,26999,0.0 PCS,VIVO MOBILES
VIVO Y51 PRO 8/256GB FESTIVE RED,28999,0.0 PCS,VIVO MOBILES
VIVO Y56 5G 8/128 ORANGE SHIMMER,17999,0.0 PCS,VIVO MOBILES
VIVO Y58 5G 8/128 HIMALAYAN BLUE,18499,0.0 PCS,VIVO MOBILES
VIVO Y58 5G 8/128 HIMALAYAN BLUE DEMO PHONE,19499,0.0 PCS,DEMO PHONES
VIVO Y58 5G 8/128 SUNDARBANS GREEN,18499,0.0 PCS,VIVO MOBILES
VIVO Y58 8/128GB HIMALIYAN BLUE,18499,0.0 PCS,VIVO MOBILES
VOLTAS COOLER GRAND 52E,12499,2.0 PCS,AIRCOOLERS
VOLTAS EPICOOL 70 DESERT AIR COOLER,13300,0.0 PCS,AIRCOOLERS
VOLTAS EPICOOL 70T AIR COOLER,13800,0.0 PCS,AIRCOOLERS
VOLTAS GRAND 52E DESERT AIR COOLER,13000,0.0 PCS,AIRCOOLERS
VOLTAS JETMAX 70L DESERT AIR COOLER,12800,0.0 PCS,AIRCOOLERS
Vivo Y400 PRO 8/128 FEST GOLD,25999,0.0 PCS,VIVO MOBILES
Vivo Y400 PRO 8/256 FREESTYLE WHITE,27999,0.0 PCS,VIVO MOBILES
Vivo Y400 PRO 8/256 NEBULA PURPLE,26999,0.0 PCS,VIVO MOBILES
Voltas Cooler Jetmax 70 T,13499,1.0 PCS,AIRCOOLERS
Voltas EPICOOL 70 Cooler,11999,0.0 PCS,AIRCOOLERS
Voltas FROST Air 45L Cooler,8999,0.0 PCS,AIRCOOLERS
Voltas GRAND 72 Desert Cooler,12499,2.0 PCS,AIRCOOLERS
Voltas MEGA 70E COOLER 70L,14499,0.0 PCS,AIRCOOLERS
Voltas Mega 70HC,11999,0.0 PCS,AIRCOOLERS
XIAOMI A PRO 32 INCHES MagiQLED GOOGLE TV,14999,3.0 PCS,MI DISTRIBUTOR
XIAOMI GTV A SERIES 32 INCHES GOOGLE TV,14499,0.0 PCS,MI DISTRIBUTOR
XIAOMI SMART TV 5A 32 INCHES,13999,1.0 PCS,SMART TVS
XIAOMI SMART TV A SERIES 32 INCHES GOOGLE TV,13999,1.0 PCS,MI DISTRIBUTOR
XIAOMI X Pro MagiQLED 138 cm (55 inch) QLED Ultra HD (4K) Smart Google TV 2025,39499,0.0 PCS,MI DISTRIBUTOR
XIAOMI X SERIES 125 cm (50 inch) Ultra HD (4K) LED Smart Google TV 2025 Edition,29499,0.0 PCS,MI DISTRIBUTOR
XIAOMI X SERIES 43 INCHES ULTRA HD 4K SMART ANDROID TV 2023 EDITION DEMO UNIT,37118.72,1.0 PCS,SMART TVS
Xiaomi QLED TV X Pro Series 2025 Edition 43 INCHES GOOGLE TV,28499,0.0 PCS,MI DISTRIBUTOR
Xiaomi X Pro QLED 138 cm (55 inch) QLED Ultra HD (4K) Smart Google TV 2024,39499,0.0 PCS,MI DISTRIBUTOR
Xiaomi X Series 108 cm (43 inch) Ultra HD (4K) LED Smart Google TV 2026,26499,0.0 PCS,MI DISTRIBUTOR
Xiaomi X Series 138 cm (55 inch) Ultra HD (4K) LED Smart Google TV 2026,36999,0.0 PCS,MI DISTRIBUTOR
Y300 PLUS 5G 8/128 GB SILK BLACK,23999,0.0 PCS,VIVO MOBILES